{
  "coord1": {
    "total": {
      "mean": 90.56859733726554,
      "std": 58.150296251507065,
      "median": 90.54716968803466,
      "min": 1.4142135623730951,
      "max": 197.00253805471644
    },
    "tipo_1": {
      "mean": 28.220306615347866,
      "std": 18.773842219391604,
      "median": 29.017236257093817,
      "min": 1.4142135623730951,
      "max": 63.00793600809346
    },
    "tipo_2": {
      "mean": 112.43551759893035,
      "std": 23.13286368482352,
      "median": 113.51762011953738,
      "min": 75.0066663703967,
      "max": 156.08010763707205
    },
    "tipo_3": {
      "mean": 177.73615499063396,
      "std": 9.780552599181105,
      "median": 178.0028089666003,
      "min": 161.00310556011024,
      "max": 197.00253805471644
    }
  },
  "coord2": {
    "total": {
      "mean": 44.227923652379936,
      "std": 6.946757233840688,
      "median": 44.01136216933077,
      "min": 28.0,
      "max": 62.03224967708329
    },
    "tipo_1": {
      "mean": 45.00309049429495,
      "std": 6.440418373012907,
      "median": 45.0111097397076,
      "min": 33.015148038438355,
      "max": 62.0
    },
    "tipo_2": {
      "mean": 42.66826843552862,
      "std": 7.534511843090596,
      "median": 42.172082024185244,
      "min": 28.0,
      "max": 62.03224967708329
    },
    "tipo_3": {
      "mean": 46.5782815995151,
      "std": 5.288069897067662,
      "median": 48.010415536631214,
      "min": 37.013511046643494,
      "max": 59.0
    }
  }
}