{
  "coord1": {
    "total": {
      "mean": 113.15318112116869,
      "std": 50.94407073350864,
      "median": 117.06835610018618,
      "min": 1.0,
      "max": 193.06475597581243
    },
    "tipo_1": {
      "mean": 118.4151296885864,
      "std": 64.57014182020525,
      "median": 154.02921800749363,
      "min": 1.0,
      "max": 193.06475597581243
    },
    "tipo_2": {
      "mean": 108.26708602285228,
      "std": 32.92625220276836,
      "median": 114.5437719211539,
      "min": 13.0,
      "max": 144.2809758769326
    }
  },
  "coord2": {
    "total": {
      "mean": 45.182443042360504,
      "std": 7.69695634781346,
      "median": 46.010868281309364,
      "min": 12.083045973594572,
      "max": 62.20128616033595
    },
    "tipo_1": {
      "mean": 47.896765458834125,
      "std": 6.54862382230415,
      "median": 48.25971404805462,
      "min": 33.37663853655727,
      "max": 62.20128616033595
    },
    "tipo_2": {
      "mean": 42.66200079849212,
      "std": 7.825560820488951,
      "median": 43.05807522985887,
      "min": 12.083045973594572,
      "max": 59.033888572581766
    }
  }
}